_id,productId,mobileNumber,createdAt,__v
68a2ccc5c6214770afa25de5,68a29a0bac367d2624cca4e1,7012085222,2025-08-18T06:48:37.804Z,0
68a2cce0c6214770afa25ded,68a29a0bac367d2624cca4e1,7012085222,2025-08-18T06:49:04.065Z,0
68a2ce5e9c78a7c1879bba30,68a29a0bac367d2624cca4e1,7012011111,2025-08-18T06:55:26.532Z,0
68a2ce819c78a7c1879bba50,68a29a0bac367d2624cca4e2,7012085340,2025-08-18T06:56:01.019Z,0
68a325ca54a520e83578fd2f,68a29a0bac367d2624cca4e1,undefined,2025-08-18T13:08:26.006Z,0
68a328991daed0e55027b8b0,68a29a0bac367d2624cca4e1,null,2025-08-18T13:20:25.455Z,0
68a3291f1daed0e55027b8cd,68a29a0bac367d2624cca4e1,7012085345,2025-08-18T13:22:39.251Z,0
68a3ed420012ad8f27d4af66,68a29a0bac367d2624cca4e4,undefined,2025-08-19T03:19:30.447Z,0
68a3ed430012ad8f27d4af68,68a29a0bac367d2624cca4e4,null,2025-08-19T03:19:31.897Z,0
68a3ed4d0012ad8f27d4af6e,68a29a0bac367d2624cca4e3,null,2025-08-19T03:19:41.133Z,0
68a5407b512441c0e14a482e,68a29a0bac367d2624cca4e2,7012085349,2025-08-20T03:26:51.641Z,0
